<?xml version="1.0" encoding="utf-8"?>
<extension version="3.1"
           type="plugin"
           group="ajax"
           method="upgrade">
	<name>Ajax - Service Request Description</name>
	<version>0.1</version>
	<creationDate>June 4, 2015</creationDate>
	<author>Jalal Albasri</author>
	<authorEmail>jalal.albasri@gmail.com</authorEmail>
	<description>Joomla Ajax Service Request Description Plugin</description>

	<files>
		<filename plugin="srdescription">srdescription.php</filename>
	</files>

	<config>
		<fields name="params">
		</fields>
	</config>

</extension>