<?xml version="1.0" encoding="utf-8"?>
<extension type="module" version="3.0.0" method="upgrade" client="site">
	<name>FW Gallery Cascading Grid</name>
    <creationDate>03 March 2014</creationDate>
    <author>Fastw3b - We develop while you are thinking</author>
    <authorEmail>dev@fastw3b.net</authorEmail>
    <authorUrl>http://www.fastw3b.net</authorUrl>
    <copyright>Copyright (C) 2014 Fastw3b. All rights reserved.</copyright>
    <license>http://www.gnu.org/copyleft/gpl.html GNU/GPL</license>
	<version>1.0.0</version>
	<description><![CDATA[
		FW Gallery cascading grid module
	]]></description>
	<files>
		<filename module="mod_fwgallery_cascading_grid">mod_fwgallery_cascading_grid.php</filename>
		<filename>index.html</filename>
		<folder>assets</folder>
		<folder>tmpl</folder>
	</files>
	<languages folder="language">
		<language tag="en-GB">en-GB/en-GB.mod_fwgallery_cascading_grid.ini</language>
	</languages>
	<config>
		<fields name="params">
			<fieldset name="basic">
				<field name="id" type="sql" query="SELECT 0 AS id, 'All' AS name, 0 AS ordering UNION SELECT id, name, ordering FROM #__fwg_projects WHERE published=1 ORDER BY ordering" label="Select Gallery" description="A gallery to display" key_field="id" value_field="name" />

				<field name="width" default="200" type="text" label="Width, px" description="" />

				<field name="load_subgalleries" type="radio" label="Load subgalleries" default="1">
					<option value="1">Yes</option>
					<option value="0">No</option>
				</field>
				<field name="display_name" type="radio" label="Display Name" default="1">
					<option value="1">Yes</option>
					<option value="0">No</option>
				</field>
				<field name="display_description" type="radio" label="Display Description" default="1">
					<option value="1">Yes</option>
					<option value="0">No</option>
				</field>
				<field name="display_date" type="radio" label="Display Date" default="1">
					<option value="1">Yes</option>
					<option value="0">No</option>
				</field>
				<field name="display_author" type="radio" label="Display Author" default="1">
					<option value="1">Yes</option>
					<option value="0">No</option>
				</field>
				<field name="display_voting" type="radio" label="Display Voting" default="1">
					<option value="1">Yes</option>
					<option value="0">No</option>
				</field>
				<field name="display_tags" type="radio" label="Display Tags" default="1">
					<option value="1">Yes</option>
					<option value="0">No</option>
				</field>
			</fieldset>
		</fields>
	</config>
</extension>
