<?xml version="1.0" encoding="utf-8"?>
<!DOCTYPE install PUBLIC "-//Joomla! 2.5//DTD template 1.0//EN" "http://www.joomla.org/xml/dtd/2.5/template-install.dtd">
<extension version="3.0" type="template" client="site" method="upgrade">
	<name>FW Gallery Trendy</name>
	<creationDate>7 May 2014</creationDate>
	<author>Fastw3b - We develop while you are thinking</author>
	<copyright>Copyright (C) 2014 Fastw3b. All rights reserved.</copyright>
	<authorEmail>templates@fastw3b.net</authorEmail>
	<authorUrl>http://www.fastw3b.net</authorUrl>
	<license>http://www.gnu.org/copyleft/gpl.html GNU/GPL</license>
	<version>1.0</version>
	<description>FW Gallery Trendy Template</description>
	<files>
		<filename>index.php</filename>
		<filename>index.html</filename>
		<filename>templateDetails.xml</filename>
		<filename>favicon.ico</filename>
		<filename>template_preview.png</filename>
		<filename>template_thumbnail.png</filename>
		<filename>error.php</filename>
		<filename>component.php</filename>
		<filename>114x.png</filename>
		<filename>57x.png</filename>
		<filename>72x.png</filename>
		<folder>css</folder>
		<folder>fonts</folder>
		<folder>html</folder>
		<folder>js</folder>
		<folder>images</folder>
	</files>
	<positions>
	   <position>position-0</position>
	   <position>position-1</position>
	   <position>position-2</position>
	   <position>position-3</position>
	   <position>position-7</position>
	   <position>position-8</position>
	   <position>right</position>
	   <position>map</position>
	   <position>position-footer</position>
	   <position>position-footer-copy</position>
   </positions>
</extension>