<?xml version="1.0" encoding="utf-8"?>
<files>
	<file>
		<title>FW Gallery</title>
		<mask>com_fwgallery</mask>
		<type>Components</type>
		<xmlpath>administrator/components/com_fwgallery/fwgallery.xml</xmlpath>
		<image>component.png</image>
		<link>http://fastw3b.net/joomla-extensions/product/7-fw-gallery.html</link>
		<description><![CDATA[With FW Gallery you can place your photos in a gallery easy & quickly!]]></description>
	</file>

	<file>
		<title>Map Module</title>
		<mask>mod_fwgallery_map</mask>
		<type>Modules</type>
		<xmlpath>modules/mod_fwgallery_map/mod_fwgallery_map.xml</xmlpath>
		<image>map.png</image>
		<link>http://fastw3b.net/joomla-extensions/product/266-gallery-map-module.html</link>
		<description><![CDATA[Displays your photos on the google map]]></description>
	</file>
	<file>
		<title>Latest Module</title>
		<mask>mod_fwgallery_latest</mask>
		<type>Modules</type>
		<xmlpath>modules/mod_fwgallery_latest/mod_fwgallery_latest.xml</xmlpath>
		<image>latest.png</image>
		<link>http://fastw3b.net/joomla-extensions/product/13-gallery-latest-module.html</link>
		<description><![CDATA[Keep your visitors updated about Latest images on your site]]></description>
	</file>
	<file>
		<title>Carousel Module</title>
		<mask>mod_fwgallery_carousel</mask>
		<type>Modules</type>
		<xmlpath>modules/mod_fwgallery_carousel/mod_fwgallery_carousel.xml</xmlpath>
		<image>carousel.png</image>
		<link>http://fastw3b.net/joomla-extensions/product/104-carousel-module.html</link>
		<description><![CDATA[Module that builds a dynamic bar with thumbnails from your images]]></description>
	</file>
	<file>
		<title>Fancy Slideshow Module</title>
		<mask>mod_fwgallery_fancy_slideshow</mask>
		<type>Modules</type>
		<xmlpath>modules/mod_fwgallery_fancy_slideshow/mod_fwgallery_fancy_slideshow.xml</xmlpath>
		<image>fancy.png</image>
		<link>http://fastw3b.net/joomla-extensions/product/2-fancy-slideshow-module.html</link>
		<description><![CDATA[Allows to choose the size of the pictures, their transition effects and order]]></description>
	</file>
	<file>
		<title>Cascading Grid Module</title>
		<mask>mod_fwgallery_cascading_grid</mask>
		<type>Modules</type>
		<xmlpath>modules/mod_fwgallery_cascading_grid/mod_fwgallery_cascading_grid.xml</xmlpath>
		<image>grid.png</image>
		<link>http://fastw3b.net/joomla-extensions/product/289-cascading-grid-module.html</link>
		<description><![CDATA[This module will arrange your image in the form of a mosaic ]]></description>
	</file>

	<file>
		<title>Content Plugin</title>
		<mask>plg_content_fwgallery</mask>
		<type>Plugins</type>
		<xmlpath>plugins/content/fwgallery/fwgallery.xml</xmlpath>
		<image>content.png</image>
		<link>http://fastw3b.net/joomla-extensions/product/12-content-plugin.html</link>
		<description><![CDATA[Allows to insert pictures in your articles quickly & easily]]></description>
	</file>
	<file>
		<title>Facebook Plugin</title>
		<mask>plg_fwgallery_facebookimages</mask>
		<type>Plugins</type>
		<xmlpath>plugins/fwgallery/facebookimages/facebookimages.xml</xmlpath>
		<image>facebook.png</image>
		<link>http://fastw3b.net/joomla-extensions/product/26-facebook-plugin.html</link>
		<description><![CDATA[Allows to show off your pictures from FW Gallery on Facebook page and back]]></description>
	</file>
	<file>
		<title>Picasa Import Plugin</title>
		<mask>plg_fwgallery_picasaimport</mask>
		<type>Plugins</type>
		<xmlpath>plugins/fwgallery/picasaimport/picasaimport.xml</xmlpath>
		<image>picasa.png</image>
		<link>http://fastw3b.net/joomla-extensions/product/91-picasa-import-plugin.html</link>
		<description><![CDATA[Lets you import your galleries from Picasa to FW Gallery by one click]]></description>
	</file>
	<file>
		<title>Search Plugin</title>
		<mask>plg_search_fwgallery</mask>
		<type>Plugins</type>
		<xmlpath>plugins/search/fwgallery/fwgallery.xml</xmlpath>
		<image>search.png</image>
		<link>http://fastw3b.net/joomla-extensions/product/28-search-plugin.html</link>
		<description><![CDATA[Lets you and users of your website find images and galleries quickly]]></description>
	</file>

	<file>
		<title>Light Template</title>
		<mask>com_fwgallerytmpllight</mask>
		<type>Templates</type>
		<xmlpath>administrator/components/com_fwgallerytmpllight/fwgallerytmpllight.xml</xmlpath>
		<image>light.png</image>
		<link>http://fastw3b.net/joomla-extensions/product/60-light-template.html</link>
		<description><![CDATA[Pro version of Light Template, imparts more liveliness to your site]]></description>
	</file>
	<file>
		<title>Light Plus Template</title>
		<mask>com_fwgallerytmpllightplus</mask>
		<type>Templates</type>
		<xmlpath>administrator/components/com_fwgallerytmpllightplus/fwgallerytmpllightplus.xml</xmlpath>
		<image>lightplus.png</image>
		<link>http://fastw3b.net/joomla-extensions/product/61-light-plus-template.html</link>
		<description><![CDATA[Is a clean & light design for your photo gallery]]></description>
	</file>
	<file>
		<title>Notes Template</title>
		<mask>com_fwgallerytmplnotes</mask>
		<type>Templates</type>
		<xmlpath>administrator/components/com_fwgallerytmplnotes/fwgallerytmplnotes.xml</xmlpath>
		<image>notes.png</image>
		<link>http://fastw3b.net/joomla-extensions/product/100-notes-template.html</link>
		<description><![CDATA[Extraordinary design to make site look off the beaten track]]></description>
	</file>
	<file>
		<title>Photographer Template</title>
		<mask>com_fwgallerytmplphotographer</mask>
		<type>Templates</type>
		<xmlpath>administrator/components/com_fwgallerytmplphotographer/fwgallerytmplphotographer.xml</xmlpath>
		<image>photographer.png</image>
		<link>http://fastw3b.net/joomla-extensions/product/107-photographer-template.html</link>
		<description><![CDATA[Professional photos desire special design, make your albums look so]]></description>
	</file>
	<file>
		<title>Ribbon Template</title>
		<mask>com_fwgallerytmplribbon</mask>
		<type>Templates</type>
		<xmlpath>administrator/components/com_fwgallerytmplribbon/fwgallerytmplribbon.xml</xmlpath>
		<image>ribbon.png</image>
		<link>http://fastw3b.net/joomla-extensions/product/98-ribbon-template.html</link>
		<description><![CDATA[Makes site more conspicuous & colorful]]></description>
	</file>
	<file>
		<title>Stylish Template</title>
		<mask>com_fwgallerytmplstylish</mask>
		<type>Templates</type>
		<xmlpath>administrator/components/com_fwgallerytmplstylish/fwgallerytmplstylish.xml</xmlpath>
		<image>stylish.png</image>
		<link>http://fastw3b.net/joomla-extensions/product/99-stylish-template.html</link>
		<description><![CDATA[Will turn your Joomla site into originally designed place]]></description>
	</file>
	<file>
		<title>Video Template</title>
		<mask>com_fwgallerytmplvideo</mask>
		<type>Templates</type>
		<xmlpath>administrator/components/com_fwgallerytmplvideo/fwgallerytmplvideo.xml</xmlpath>
		<image>videotempl.png</image>
		<link>http://fastw3b.net/joomla-extensions/product/62-video-template.html</link>
		<description><![CDATA[Is a special theme for your video Joomla gallery]]></description>
	</file>
	<file>
		<title>Trendy Template</title>
		<mask>tmpl_fw_gallery_trendy</mask>
		<type>Templates</type>
		<xmlpath>templates/fwgallerytrendy/templateDetails.xml</xmlpath>
		<image>trendy.png</image>
		<link>http://fastw3b.net/joomla-extensions/product/288-trendy-gallery-template.html</link>
		<description><![CDATA[Website template for extreemely bright and stylish display of photos]]></description>
	</file>
</files>