<?xml version="1.0" encoding="utf-8"?>
<extension type="component" version="1.6.0" method="upgrade">
	<name>2J Gallery</name>
	<creationDate>2014</creationDate>
	<author>2Joomla Team</author>
	<authorEmail>support@2joomla.net</authorEmail>
	<authorUrl>http://www.2joomla.net</authorUrl>
	<copyright>Copyright (c) 2008-2014 2Joomla.net All rights reserved</copyright>
	<license>released under GNU/GPL License : http://www.gnu.org/copyleft/gpl.html</license>
	<version>1.0.5</version>

	<description></description>
	
	<scriptfile>script.php</scriptfile>
	
	<files>
		<filename>index.html</filename>
	</files>
	
	<administration>
		<menu img="components/com_2jgallery/2jgallery_16.png">COM_2JGALLERY_MENU</menu>
		<files>
			<filename>2jgallery.php</filename>
			<filename>index.html</filename>
			<filename>2jgallery_16.png</filename>
		</files>
		<languages>
			<language tag="en-GB">language/en-GB/en-GB.com_2jgallery.sys.ini</language>
		</languages>
	</administration>

</extension>

