<?xml version="1.0" encoding="utf-8"?>
<extension type="component" version="3.0.0" method="upgrade">
    <name>FW Gallery</name>
    <creationDate>23 May 2014</creationDate>
    <author>Fastw3b - We develop while you are thinking</author>
    <authorEmail>dev@fastw3b.net</authorEmail>
    <authorUrl>http://www.fastw3b.net</authorUrl>
    <copyright>Copyright (C) 2014 Fastw3b. All rights reserved.</copyright>
    <license>http://www.gnu.org/copyleft/gpl.html GNU/GPL</license>
    <version>3.2</version>
    <description><![CDATA[
<p style="text-align: center;"><img style="margin-bottom: 20px; vertical-align: top;" src="components/com_fwgallery/assets/images/thank-yu3.png" alt="thank-yu3" width="960" height="77" /></p>
<table style="width: 870px; height: 260px;" border="0">
<tbody>
<tr>
<td><img style="float: left;" src="components/com_fwgallery/assets/images/01_c_gallery.png" alt="01_c_gallery" width="292" height="357" /></td>
<td>
<p><strong>FW Gallery has been installed successfully on your website. </strong></p>
<p><strong>Many thanks for your choice!</strong></p>
<p>&nbsp;</p>
<p><em>We also recommend you our new product&nbsp;<a href="http://fastw3b.net/fastw3b-news/524-tableserved-released-exclusive-component-for-restaurant-cafe-websites.html" target="_blank"><strong>Table Served </strong></a>if you want to <strong>build</strong> an effective and beautiful <strong>restaurant or cafe website</strong>. Get <strong><span style="color: #ff0000; font-size: 12pt;">4</span></strong><span style="color: #ff0000; font-size: 12pt;"><strong>0% OFF</strong></span>&nbsp;througout February, on any <a href="http://fastw3b.net/fastw3b-news/524-tableserved-released-exclusive-component-for-restaurant-cafe-websites.html" target="_blank">Table Served</a> extension<strong>!</strong></em></p>
<p><a href="http://fastw3b.net/fastw3b-news/524-tableserved-released-exclusive-component-for-restaurant-cafe-websites.html" target="_blank"><img src="http://fastw3b.net/images/TableServed/blog%20banner.png" alt="blog banner" width="489" height="50" /></a></p>
<p><strong>What to do next?</strong></p>
<p>1. Go to Menus &gt;&gt; Main Menu &gt;&gt; click on New button</p>
<p>2. Assign FW Gallery menu items to your website menu</p>
<p>3. Go to FW Gallery &gt;&gt; Galleries to create your first photo gallery.</p>
</td>
<td>&nbsp;</td>
</tr>
</tbody>
</table>
<p>&nbsp;</p>
<p style="text-align: center;"><span style="font-size: 18pt;"><strong>Improve your photo gallery with extra features!</strong></span></p>
<p style="text-align: left;">&nbsp;</p>
<table style="text-align: center; width: 959px; height: 350px;" border="0">
<tbody>
<tr>
<td valign="top">
<p><a href="http://fastw3b.net/joomla-extensions/best-offer/66-uncategorised/393-fw-gallery-subscriptions.html" target="_blank"><img src="components/com_fwgallery/assets/images/fw_gallery_free.png" alt="fw_gallery_free" width="125" height="135" /></a></p>
<p><strong>FREE GALLERY</strong> <strong>SUBSCRIPTION</strong></p>
<div style="text-align: center; clear: both;"><span style="font-size: 8pt;">Free Download!</span></div>
<a href="https://fastw3b.net/joomla-extensions/best-offer/66-uncategorised/393-fw-gallery-subscriptions.html" target="_blank"><span style="font-size: 8pt;">Get it now &gt;&gt;</span></a>
<div style="text-align: center; clear: both;">&nbsp;</div>
<div><ol>
<li style="text-align: left;">FW Gallery &amp; <strong>6 addons</strong></li>
<li style="text-align: left;"><strong>Future Updates </strong>for 6 months</li>
<li style="text-align: left;">Unlimited domains usage</li>
<li style="text-align: left;">Access to Documentation</li>
</ol></div>
<div>&nbsp;</div>
<p>&nbsp;</p>
<p>&nbsp;</p>
</td>
<td valign="top">
<p style="text-align: center;">&nbsp;</p>
</td>
<td valign="top">
<p style="text-align: center;">&nbsp;</p>
</td>
<td valign="top">
<p style="text-align: center;"><a href="http://fastw3b.net/joomla-extensions/best-offer/66-uncategorised/393-fw-gallery-subscriptions.html" target="_blank"><img src="components/com_fwgallery/assets/images/fw_gallery_ultimate.png" alt="fw_gallery_ultimate" width="125" height="135" /></a></p>
<p style="text-align: center;"><strong>PRO GALLERY SUBSCRIPTION</strong>&nbsp;</p>
<div style="text-align: center; clear: both;"><span style="font-size: 8pt;">Price: <strong>$99.99</strong></span> <a href="http://www.fastw3b.net/joomla-extensions/product/62-fw-gallery-video-template.html" target="_blank"><span style="font-size: 8pt;"> </span></a></div>
<div style="text-align: center; clear: both;"><a href="http://fastw3b.net/joomla-extensions/product/178-ultimate-gallery-subscription.html"><span style="font-size: 8pt;">Get it now &gt;&gt;</span></a><br /><ol>
<li>
<div style="text-align: left;">FW Gallery &amp; <strong>all addons</strong></div>
</li>
<li>
<div style="text-align: left;"><strong>Future Updates</strong> for <strong>12 months<br /></strong></div>
</li>
<li>
<div style="text-align: left;"><strong>Support Service</strong> for <strong>12 months</strong></div>
</li>
<li>
<div style="text-align: left;">Unlimited domains usage</div>
</li>
<li>
<div style="text-align: left;">Access to Documentation</div>
</li>
</ol></div>
</td>
</tr>
</tbody>
</table>
<p style="text-align: left;">&nbsp;</p>
<div style="text-align: center;">&nbsp;</div>
<div style="text-align: center; clear: both;">&nbsp;</div>
<div style="text-align: center; clear: both;">&nbsp;</div>
<p><span style="font-size: 12pt;"><strong>Useful links:</strong></span></p>
<ul>
<li>Getting started <a href="http://fastw3b.net/joomla-extensions/fw-gallery/documentation.html" target="_blank">documentation &gt;&gt;</a></li>
<li>FW Gallery <a href="http://fastw3b.net/joomla-extensions/fw-gallery.html" target="_blank">Subscriptions &gt;&gt;</a></li>
<li>Read FW Gallery <a href="http://fastw3b.net/fw-gallery-news.html" target="_blank">latest news &gt;&gt;</a></li>
<li>View <a href="http://extensions.joomla.org/extensions/photos-a-images/photo-gallery/13185" target="_blank">JED reviews and leave yours &gt;&gt;</a></li>
<li>Follow FW Gallery news on <a href="http://twitter.com/#!/Fastw3b" target="_blank">Twitter</a> or <a href="http://www.facebook.com/pages/Fastw3b/165610930146118" target="_blank">Facebook &gt;&gt;</a></li>
<li>Have any questions? Feel free to <a href="http://fastw3b.net/contact-us.html" target="_blank">contact us &gt;&gt;</a></li>
</ul>
<div>Developed by <a href="http://fastw3b.net/" target="_blank">Fastw3b</a></div>
<div>Copyright © 2007 - 2014 Fastw3b</div>	]]></description>
    <install type="component">
        <sql>
            <file driver="mysql" charset="utf8">install.sql</file> 
        </sql>
    </install>
    <scriptfile>install.script.php</scriptfile>
    <files folder="site">
        <filename>controller.php</filename>
        <filename>index.html</filename>
        <filename>fwgallery.php</filename>
        <filename>router.php</filename>
        <folder>assets</folder>
        <folder>helpers</folder>
        <folder>models</folder>
        <folder>views</folder>
    </files>
	<languages folder="site/language">
        <language tag="de-DE">de-DE/de-DE.com_fwgallery.ini</language>
        <language tag="el-GR">el-GR/el-GR.com_fwgallery.ini</language>
        <language tag="en-GB">en-GB/en-GB.com_fwgallery.ini</language>
        <language tag="es-ES">es-ES/es-ES.com_fwgallery.ini</language>
        <language tag="fr-FR">fr-FR/fr-FR.com_fwgallery.ini</language>
        <language tag="it-IT">it-IT/it-IT.com_fwgallery.ini</language>
        <language tag="ru-RU">ru-RU/ru-RU.com_fwgallery.ini</language>
        <language tag="uk-UA">uk-UA/uk-UA.com_fwgallery.ini</language>
	</languages>
    <administration>
        <menu img="components/com_fwgallery/assets/images/fwgalleryicon.png">FW Gallery</menu>
        <submenu>
            <menu img="components/com_fwgallery/assets/images/galleries.png" view="fwgallery">Galleries</menu>
            <menu img="components/com_fwgallery/assets/images/images.png" view="files">Images</menu>
            <menu img="components/com_fwgallery/assets/images/plugins.png" view="plugins">Plugins</menu>
            <menu img="components/com_fwgallery/assets/images/templates.png" view="templates">Templates</menu>
            <menu img="components/com_fwgallery/assets/images/langugage.png" view="language">Language</menu>
            <menu img="components/com_fwgallery/assets/images/fwconfig.png" view="config">Config</menu>
            <menu img="components/com_fwgallery/assets/images/iphone.png" view="iphone">iPhone App</menu>
        </submenu>
        <files folder="admin">
            <filename>install.script.php</filename>
            <filename>install.sql</filename>
            <filename>controller.php</filename> 
            <filename>index.html</filename> 
            <filename>fwgallery.php</filename> 
            <folder>assets</folder>
            <folder>elements16</folder>
            <folder>helpers</folder>
            <folder>models</folder>
            <folder>tables</folder>
            <folder>views</folder>
        </files>
        <languages folder="admin/language">
            <language tag="de-DE">de-DE/de-DE.com_fwgallery.ini</language>
            <language tag="de-DE">de-DE/de-DE.com_fwgallery.sys.ini</language>
            <language tag="el-GR">el-GR/el-GR.com_fwgallery.ini</language>
            <language tag="el-GR">el-GR/el-GR.com_fwgallery.sys.ini</language>
            <language tag="en-GB">en-GB/en-GB.com_fwgallery.ini</language>
            <language tag="en-GB">en-GB/en-GB.com_fwgallery.sys.ini</language>
            <language tag="es-ES">es-ES/es-ES.com_fwgallery.ini</language>
            <language tag="es-ES">es-ES/es-ES.com_fwgallery.sys.ini</language>
            <language tag="fr-FR">fr-FR/fr-FR.com_fwgallery.ini</language>
            <language tag="fr-FR">fr-FR/fr-FR.com_fwgallery.sys.ini</language>
            <language tag="it-IT">it-IT/it-IT.com_fwgallery.ini</language>
            <language tag="it-IT">it-IT/it-IT.com_fwgallery.sys.ini</language>
            <language tag="ru-RU">ru-RU/ru-RU.com_fwgallery.ini</language>
            <language tag="ru-RU">ru-RU/ru-RU.com_fwgallery.sys.ini</language>
            <language tag="uk-UA">uk-UA/uk-UA.com_fwgallery.ini</language>
            <language tag="uk-UA">uk-UA/uk-UA.com_fwgallery.sys.ini</language>
        </languages>
    </administration>
	<config>
		<fields name="params">
			<fieldset name="advanced">
				<field name="im_th_w" type="text" default="120" label="" description="" />
				<field name="im_th_h" type="text" default="120" label="" description="" />
				<field name="im_mid_w" type="text" default="200" label="" description="" />
				<field name="im_mid_h" type="text" default="200" label="" description="" />
				<field name="im_max_w" type="text" default="600" label="" description="" />
				<field name="im_max_h" type="text" default="600" label="" description="" />
				<field name="gallery_color" type="text" default="aaaaaa" label="" description="" />
				<field name="ordering_galleries" type="text" default="name" label="" description="" />
				<field name="ordering_images" type="text" default="new" label="" description="" />
				<field name="use_watermark" type="text" default="0" label="" description="" />
				<field name="watermark_file" type="text" default="" label="" description="" />
				<field name="use_voting" type="text" default="1" label="" description="" />
				<field name="public_voting" type="text" default="1" label="" description="" />
				<field name="galleries_a_row" type="text" default="3" label="" description="" />
				<field name="images_a_row" type="text" default="3" label="" description="" />
				<field name="galleries_rows" type="text" default="4" label="" description="" />
				<field name="images_rows" type="text" default="4" label="" description="" />
				<field name="display_total_galleries" type="text" default="1" label="" description="" />
				<field name="display_owner_gallery" type="text" default="1" label="" description="" />
				<field name="display_owner_image" type="text" default="1" label="" description="" />
				<field name="display_date_gallery" type="text" default="1" label="" description="" />
				<field name="display_gallery_sorting" type="text" default="1" label="" description="" />
				<field name="display_name_gallery" type="text" default="1" label="" description="" />
				<field name="display_name_image" type="text" default="1" label="" description="" />
				<field name="display_date_image" type="text" default="1" label="" description="" />
				<field name="display_image_views" type="text" default="1" label="" description="" />
				<field name="display_user_copyright" type="text" default="1" label="" description="" />
				<field name="date_format" type="text" default="F d, Y" label="" description="" />
				<field name="new_days" type="text" default="7" label="" description="" />
				<field name="hide_fw_copyright" type="text" default="0" label="" description="" />
				<field name="template" type="text" default="simple" label="" description="" />
				<field name="im_just_shrink" type="text" default="0" label="" description="" />
				<field name="watermark_position" type="text" default="left bottom" label="" description="" />
				<field name="watermark_text" type="text" default="" label="" description="" />
				<field name="allow_image_download" type="text" default="1" label="" description="" />
				<field name="allow_print_button" type="text" default="1" label="" description="" />
				<field name="hide_bottom_image" type="text" default="0" label="" description="" />
				<field name="hide_mignifier" type="text" default="0" label="" description="" />
				<field name="hide_single_image_view" type="text" default="0" label="" description="" />
				<field name="hide_iphone_app_promo" type="text" default="0" label="" description="" />
				<field name="display_image_tags" type="text" default="1" label="" description="" />
				<field name="display_social_sharing" type="text" default="1" label="" description="" />
				<field name="comments_type" type="text" default="" label="" description="" />
				<field name="disqus_domain" type="text" default="" label="" description="" />
				<field name="paypal_email" type="text" default="test@paypal.com" label="" description="" />
				<field name="paypal_currency" type="text" default="USD" label="" description="" />
				<field name="currency_label" type="text" default="$" label="" description="" />
				<field name="lightbox_size" type="text" default="90" label="" description="" />
				<field name="enable_stock" type="text" default="1" label="" description="" />
				<field name="allow_frontend_galleries_management" type="text" default="1" label="" description="" />
				<field name="currency_position" type="text" default="1" label="" description="" />
				<field name="paypal_mode" type="text" default="1" label="" description="" />
				<field name="voting_type" type="text" default="0" label="" description="" />
				<field name="display_galleries_lightbox" type="text" default="0" label="" description="" />
			</fieldset>
		</fields>
	</config>
</extension>