<?xml version="1.0" encoding="utf-8"?>
<extension type="component" version="3.0.0" method="upgrade">
    <name>FW Gallery Tmpl Ribbon</name>
    <creationDate>12 May 2014</creationDate>
    <author>Fastw3b - We develop while you are thinking</author>
    <authorEmail>dev@fastw3b.net</authorEmail>
    <authorUrl>http://www.fastw3b.net</authorUrl>
    <copyright>Copyright (C) 2014 Fastw3b. All rights reserved.</copyright>
    <license>http://www.gnu.org/copyleft/gpl.html GNU/GPL</license>
    <version>3.2</version>
    <description>FW Gallery Template - Ribbon Theme</description>
    <scriptfile>install.script.php</scriptfile>
	<files folder="site">
		<folder>assets</folder>
		<folder>html</folder>
		<filename>index.html</filename> 
	</files>
	<administration>
		<files folder="admin">
			<filename>index.html</filename> 
			<filename>install.script.php</filename> 
		</files>
	</administration>
</extension>